title,country
My Little Pony: A New Generation,"United States, Ireland, Canada"
Confessions of an Invisible Girl,Brazil
Intrusion,United States
Go! Go! Cory Carson: Chrissy Takes the Wheel,United States
Ankahi Kahaniya,India
The Father Who Moves Mountains,"Romania, Sweden"
The Stronghold,France
My Heroes Were Cowboys,United States
Nightbooks,United States
Schumacher,Germany
A StoryBots Space Adventure,United States
You vs. Wild: Out Cold,United States
Tughlaq Durbar,India
Prey,United States
Blood Brothers: Malcolm X & Muhammad Ali,United States
JJ+E,Sweden
Shadow Parties,N/A
Worth,"United Kingdom, Canada, United States"
Afterlife of the Party,United States
Here and There,Philippines
Barbie Big City Big Dreams,United States
The Nutty Professor II: The Klumps,United States
He's All That,United States
"Bob Ross: Happy Accidents, Betrayal & Greed",United States
The River Runner,United States
Untold: Caitlyn Jenner,United States
Boomika,India
The Witcher: Nightmare of the Wolf,"South Korea, United States, Japan, Poland, China"
Gunshot,Egypt
Man in Love,Taiwan
The Loud House Movie,United States
A Faraway Land,Philippines
Black Island,Germany
Memories of a Murderer: The Nilsen Tapes,United Kingdom
Nneka The Pretty Serpent,Nigeria
O Kadhal Kanmani,India
Out of my league,Italy
The Secret Diary of an Exchange Student,Brazil
Untold: Deal With the Devil,United States
Unroyal,Nigeria
Shiny_Flakes: The Teenage Drug Lord,Germany
The Lost Café,"Nigeria, Norway"
The Vault,"Spain, France"
I'm Glad I Did,Turkey
The Last Mercenary,France
Resort to Love,United States
Hostage House,United States
Mimi,India
African America,South Africa
Bankrolled,Mexico
Blood Red Sky,"Germany, United States"
Kingdom: Ashin of the North,South Korea
9to5: The Story of a Movement,United States
Chhota Bheem - Neeli Pahaadi,N/A
Chhota Bheem & Ganesh,India
Chhota Bheem & Krishna: Mayanagari,India
Chhota Bheem & Krishna: Pataliputra- City of the Dead,India
Chhota Bheem and The ShiNobi Secret,India
Chhota Bheem Aur Hanuman,N/A
Chhota Bheem in African Safari,N/A
Chhota Bheem Ka Roosi Romanch,India
Chhota Bheem: Dus Pe Dus,N/A
Chhota Bheem: Master of Shaolin,N/A
Words Bubble Up Like Soda Pop,Japan
Trollhunters: Rise of the Titans,"United States, Mexico, China, India"
2 Weeks in Lagos,Nigeria
Cheech & Chong's Still Smokin,Canada
Emicida: AmarElo - Live in São Paulo,Brazil
My Amanda,Philippines
The Unknown Saint,"Morocco, France, Qatar"
Gunpowder Milkshake,"France, Germany, United States"
Private Network: Who Killed Manuel Buendía?,Mexico
The Guide to the Perfect Family,Canada
Day of Destiny,Nigeria
The Stand-Up,USA
The Tour,United Kingdom
Finding Hubby,Nigeria
Last Summer,Turkey
Lee Su-geun: The Sense Coach,South Korea
Lethal Love,Canada
Awon Boyz,Nigeria
Clash,"Egypt, France, Germany, United Arab Emirates"
Major Grom: Plague Doctor,Russia
Mama Drama,United States
Therapy,France
Three Thieves,Soviet Union
Audible,United States
Dynasty Warriors,"Hong Kong, China, Japan"
Mobile Suit Gundam Hathaway,Japan
Working Title,"United States, Canada"
Deranged,Canada
Mommy Issues,Philippines
Prime Time,Poland
A Way Back Home,United States
Wanted,"United States, Germany, Russia"
Into the Wind,Poland
Sisters on Track,United States
Good on Paper,United States
Murder by the Coast,Spain
The House of Flowers: The Movie,Mexico
Broken,United Kingdom
Mobile Suit Gundam II: Soldiers of Sorrow,Japan
Mobile Suit Gundam III: Encounters in Space,Japan
Mobile Suit Gundam: Char's Counterattack,Japan
A Family,Denmark
Jagame Thandhiram,"United Kingdom, India"
Mobile Suit Gundam I,Japan
Ali & Ratu Ratu Queens,United States
Besieged Bread,"Syria, Lebanon"
Silver Skates,Russia
Headspace: Unwind Your Mind,United States
Trese After Dark,United States
Seven Souls in the Skull Castle: Season Moon Jogen,Japan
Seven Souls in the Skull Castle: Season Moon Kagen,Japan
Super Monsters: Once Upon a Rhyme,N/A
The Girl King,"Finland, Canada, Germany, Sweden, France"
One Lagos Night,Nigeria
Gatao - The Last Stray,Taiwan
Nail Bomber: Manhunt,United Kingdom
A Place in the Stars,Nigeria
Creating an Army of the Dead,United States
Strain,United States
678,Argentina
Love or Money,Philippines
Dear Affy,Nigeria
Dead Again in Tombstone,USA
Motu Patlu in Wonderland,India
Motu Patlu: Deep Sea Adventure,India
Motu Patlu: Mission Moon,India
Seven,Japan
The Mitchells vs. The Machines,"United States, Hong Kong, Canada, United Kingdom"
Things Heard & Seen,United States
Perfume Imaginary Museum “Time Warp”,Japan
Wild Dog,India
Motu Patlu Dino Invasion,India
Dolly Parton: A MusiCares Tribute,United States
The Last Kids on Earth: Happy Apocalypse to You,United States
Seven Souls in the Skull Castle: Season Bird,Japan
Seven Souls in the Skull Castle: Season Wind,Japan
Black Is Beltza,Spain
Reframe THEATER EXPERIENCE with you,Japan
Audrey,"United Kingdom, United Arab Emirates"
Quiet,United States
Connected,"China, Hong Kong"
Ginny & Georgia - The Afterparty,Austria
Hire a Woman,Nigeria
She Is,United States
Chris Rock Total Blackout: The Tamborine Extended Cut,United States
Best of Stand-Up 2020,United States
Ma Rainey's Black Bottom: A Legacy Brought to Screen,United States
A Trash Truck Christmas,United States
Super Monsters: Santa’s Super Monster Helpers,"Canada, USA"
Chico Bon Bon and the Very Berry Holiday,United States
Andhaghaaram,India
The Beginning of Life,Brazil
La Gran Ilusión,Spain
A Go! Go! Cory Carson Halloween,N/A
The American Game,United States
My Mother's Wound,"Turkey, Bosnia and Herzegovina, Serbia and Montenegro"
High & Low The Worst,United States
Dr Jason Leong Hashtag Blessed,N/A
Wish Upon a Unicorn,N/A
Wonho Chung: Live in New York,United States
Little Singham: Kaal Ka Badla,India
Beyond the Boundary: ICC Women's T20 World Cup Australia 2020,United Arab Emirates
Diamonds in the Sky,India
Sin City,United States
Your Excellency,Nigeria
Jim Jefferies: Intolerant,N/A
El límite infinito,Argentina
The Light of My Eyes,Egypt
Match,United States
"Sí, Mi Amor",Peru
Thomas & Friends: Marvelous Machinery: A New Arrival,Finland
Thomas & Friends: Marvelous Machinery: World of Tomorrow,Finland
Thomas & Friends: Thomas and the Royal Engine,Finland
Lembi 8 Giga,Egypt
Digs & Discoveries: All Track's Lead to Rome,Canada
Digs & Discoveries: Mines of Mystery,Canada
Alakada Reloaded,Nigeria
The Visit,"United States, Japan"
Monster High: Electrified,N/A
Riot,United States
The Vendor,Nigeria
The First Lady,United States
Holy Expectations,N/A
Seven and a half dates,Nigeria
Zero Hour,United States
Celebrity Marriage,Nigeria
Lagos Real Fake Life,Nigeria
In My Country,"United Kingdom, Ireland, South Africa"
GEN HOSHINO STADIUM TOUR “POP VIRUS”,Japan
Back to School,United States
Colin Quinn: Red State Blue State,N/A
Léa & I,France
Whitney Cummings: Can I Touch It?,N/A
ReMastered: The Lion's Share,N/A
Grass Is Greener,N/A
Brené Brown: The Call to Courage,N/A
HOMECOMING: A film by Beyoncé,United States
Super Monsters Furever Friends,N/A
Ricardo Quevedo: Los amargados somos más,N/A
Antoine Griezmann: The Making of a Legend,N/A
Jimmy Carr: The Best of Ultimate Gold Greatest Hits,United Kingdom
Sarkar,India
Maharaja: The Story of Ranjit Singh,India
Alt-Right: Age of Rage,N/A
Bill Hicks: Reflections,United States
Gina Yashere: Laughing to America,N/A
Taylor Swift reputation Stadium Tour,N/A
Free Rein: The Twelve Neighs of Christmas,N/A
ReMastered: Who Killed Jam Master Jay?,N/A
Super Monsters and the Wish Star,N/A
RUSSELL BRAND: RE:BIRTH,N/A
Loudon Wainwright III: Surviving Twin,United States
Been So Long,United Kingdom
Derren Brown: Sacrifice,United Kingdom
Oddbods: Party Monsters,N/A
Super Monsters Save Halloween,N/A
Joe Rogan: Strange Times,N/A
Monty Python Conquers America,United Kingdom
Dushman,India
Bert Kreischer: Secret Time,N/A
Pocoyo & Cars,"Spain, United Kingdom"
Expedition China,"United Kingdom, United States"
Fred Armisen: Standup For Drummers,N/A
Kavin Jay: Everybody Calm Down!,N/A
Out of Thin Air,N/A
Joaquín Reyes: Una y no más,Spain
Maz Jobrani: Immigrant,N/A
Hasan Minhaj: Homecoming King,N/A
Iliza Shlesinger: Freezing Hot,United States
13TH: A Conversation with Oprah Winfrey & Ava DuVernay,N/A
3 Deewarein,India
5 Cowok Jagoan,Indonesia
Chhota Bheem Ka Romani Adventure,India
Chingo Bling: They Can't Deport Us All,N/A
Convict,Australia
Desolate,N/A
Elles ont toutes une histoire,France
Fishpeople,United States
Harlem Globetrotters: The Team That Changed the World,United States
Homeland,United States
Hostages,United States
I Dream Of Dance,N/A
It's Fine,Australia
Jake's Buccaneer Blast,United States
Jis Desh Men Ganga Behti Hai,India
John Mellencamp: Plain Spoken,United States
Jugaad,India
Krish Trish and Baltiboy,India
Kuppivala,India
LEGO House - Home of the Brick,N/A
Los Niños Héroes de Chapultepec,Mexico
Mark Gatiss: A Study in Sherlock,United Kingdom
Marvel & ESPN Films Present: 1 of 1: Genesis,USA
Operation Odessa,N/A
Phamous,India
Refugee,India
Roots,United States
Teenage Mutant Ninja Turtles: The Movie,"United States, Germany, Philippines, Belgium, Canada, India"
The Gospel of Mark,N/A
The Gospel of Matthew,N/A
The Perfect Day,United States
The Republic of Imbaba,Egypt
Three-Quarters Decent,Egypt
Tom and Jerry: The Magic Ring,USA
Westside vs. the World,United States
Ganglands,France
Jailbirds New Orleans,United States
Midnight Mass,United States
Bangkok Breaking,Thailand
Crime Stories: India Detectives,India
Jaguar,Spain
Monsters Inside: The 24 Faces of Billy Milligan,United States
Chicago Party Aunt,United States
Squid Game,South Korea
The Smart Money Woman,Nigeria
Too Hot To Handle: Latino,"Mexico, Spain"
The World's Most Amazing Vacation Rentals,United States
Metal Shop Masters,United States
Titipo Titipo,Germany
Mighty Raju,N/A
Tobot Galaxy Detectives,South Korea
Countdown: Inspiration4 Mission to Space,United States
Money Heist: From Tokyo to Berlin,Spain
Hotel Del Luna,South Korea
Luv Kushh,India
Brave Animated Series,Taiwan
How to Be a Cowboy,United States
Turning Point: 9/11 and the War on Terror,United States
Hometown Cha-Cha-Cha,South Korea
The Ingenuity of the Househusband,Japan
Bread Barbershop,South Korea
Deadly Sins,"Canada, United States"
I Heart Arlo,United States
RIDE ON TIME,United Kingdom
Titletown High,United States
Clickbait,"Australia, United States"
John of God: The Crimes of a Spiritual Healer,Brazil
Motel Makeover,United States
Open Your Eyes,"Spain, France, Italy"
Post Mortem: No One Dies in Skarnes,Norway
Comedy Premium League,India
Everything Will Be Fine,"Denmark, Sweden, France"
Korean Cold Noodle Rhapsody,United States
The Chair,United States
The Defeated,"France, Germany, Canada"
I Need Romance,South Korea
Car Masters: Rust to Riches,United States
Top Secret UFO Projects: Declassified,United States
Darwin’s Game,Japan
Friday Night Lights,United States
Centaurworld,United States
Khawatir,Saudi Arabia
Myth & Mogul: John DeLorean,Ukraine
Tattoo Redo,United States
The Snitch Cartel: Origins,Colombia
Plastic Cup Boyz: Laughing My Mask Off!,United States
Feels Like Ishq,India
Masters of the Universe: Revelation,United States
Revelations: The Masters of the Universe: Revelation Aftershow,United States
Sexy Beasts,United Kingdom
Too Hot to Handle: Brazil,Brazil
Touch Your Heart,South Korea
Naomi Osaka,United States
Heist,"Canada, United States"
My Unorthodox Life,United States
How to Become a Tyrant,United States
The Cook of Castamar,Spain
Elize Matsunaga: Once Upon a Crime,Brazil
Cat People,United States
The War Next-door,Mexico
You Are My Spring,South Korea
Big Timber,Canada
Generation 56k,Italy
Masameer County,Saudi Arabia
Quarantine Tales,Indonesia
Sailor Moon Crystal,Japan
Legend of Exorcism,China
Sophie: A Murder in West Cork,United Kingdom
Ray,United States
Godzilla Singular Point,Japan
Jiva!,South Africa
The Parisian Agency: Exclusive Properties,France
This Is Pop,Canada
"Nevertheless,",South Korea
So Not Worth It,South Korea
Elite Short Stories: Carla Samuel,Spain
Record of Ragnarok,Japan
Elite Short Stories: Omar Ander Alexis,Spain
Let's Eat,South Korea
Penguin Town,South Africa
Beyond Evil,South Korea
Elite Short Stories: Nadia Guzmán,Spain
Rhyme Time Town,N/A
Elite Short Stories: Guzmán Caye Rebe,Spain
Guru Aur Bhole,N/A
Human: The World Within,N/A
Racket Boys,South Korea
Word of Honor,China
Eden,United States
High on the Hog: How African American Cuisine Transformed America,United States
Mad for Each Other,South Korea
The Mystic River,"United States, Nigeria"
Use For My Talent,China
Trash Truck,N/A
Angelina Ballerina,United Kingdom
Pet Stars,United States
The Innocent,Spain
The Unremarkable Juanquini,Colombia
Yasuke,"Japan, United States"
Headspace Guide to Sleep,United States
Dancing Angels,"USA, Germany"
Don't be the First one,South Korea
The Wedding Coach,United States
Glimpses of a Future,Lebanon
Alien TV,N/A
Last Chance U: Basketball,United States
Marriage or Mortgage,United States
Pokémon Journeys: The Series,Japan
A Perfect Day For Arsenide,Hong Kong
The Last Bastion,Australia
Thus Spoke Kishibe Rohan,Japan
Korean Pork Belly Rhapsody,South Korea
Running Man,South Korea
BREAK IT ALL: The History of Rock in Latin America,N/A
The Great British Baking Show: Holidays,United Kingdom
Heart & Soul,"United States, Australia, Spain"
Kongsuni and Friends,South Korea
Unsolved Mysteries,United States
Journey of an African Colony,Nigeria
Mighty Little Bheem,India
Fukrey Boyzzz,India
Dragon's Dogma,N/A
Transformers: Cyberverse,N/A
The Witcher: A Look Inside the Episodes,United Kingdom
Selling Sunset,United States
Unlucky Ploy,Thailand
Street Food: Latin America,United States
Dating Around,N/A
Alone,United States
Hangar 1: The UFO Files,N/A
Hoarders,United States
The Circle France,"France, United Kingdom"
Bal Ganesh,N/A
7SEEDS,Japan
Archibald's Next Big Thing,United States
My Holo Love,South Korea
Find Yourself,China
Rise of Empires: Ottoman,United States
The Healing Powers of Dude,United States
The Degenerates,United States
Triad Princess,Taiwan
The Charming Stepmom,Thailand
Westside Story,United States
Sleepless Society: Bedtime Wishes,Thailand
Tunnel,South Korea
Super Monsters,"Canada, United States"
Criminal: France,France
Top Boy,United Kingdom
Styling Hollywood,N/A
HERO MASK,Japan
Happy Jail,N/A
Extreme Engagement,N/A
PILI Fantasy: War of Dragons,Taiwan
True Tunes,N/A
Kakegurui,Japan
Answer for Heaven,N/A
El desconocido,Mexico
Killer Ratings,"United Kingdom, Brazil"
Hyper HardBoiled Gourmet Report,Japan
I Hear You,China
Jailbirds,Germany
Away From Home,Turkey
Cinta Si Wedding Planner,Malaysia
Secret of Success,United Kingdom
What If?,India
K.O. One Re-act,Taiwan
The Hateful Eight: Extended Version,United States
The Terminal,United States
My Pride,Canada
The Disappearance of Madeleine McCann,United States
Bangkok Love Stories: Hey You!,N/A
The Confrontation,Hungary
Larva Island,South Korea
Losers,N/A
Larry Charles' Dangerous World of Comedy,N/A
The 43,N/A
Paprika,Japan
The Perfect Match,United States
Memory Love,N/A
Trigger Warning with Killer Mike,N/A
Back with the Ex,N/A
See You in Time,N/A
Déjà Vu,United States
Demon's Path,Hong Kong
Inside the Real Narcos,N/A
Haunted House,United States
Kulipari: Dream Walker,United States
Brainchild,N/A
FIGHTWORLD,N/A
Ordinary Heroes,"Hong Kong, China"
Salt Fat Acid Heat,N/A
Dancing Queen,N/A
Violet Evergarden: Special,N/A
Battlefish,N/A
Boca Juniors Confidential,Argentina
Show Me the Money,United States
First and Last,Turkey
Pretty Man,China
Dinotrux Supercharged,"United States, Canada"
Dance & Sing with True,United States
Bobby Kennedy for President,United States
Moving On,United States
Wadi,Israel
Part-Time Idol,South Korea
The Family Court,Singapore
The Golden Path,UK
The Little Nyonya,China
The Truth,"France, Japan, Switzerland"
In Laws,India
Laws of Attraction,"Ireland, United Kingdom, Germany, United States"
Satu Hari,Indonesia
Love Storm,USA
Breakout,United States
Spice Up,UK
Miniforce,South Korea
All Hail King Julien: Exiled,United States
Five Came Back,United States
Chef's Table: France,France
Border Patrol,United States
Bringing Sexy Back,N/A
Buddha,"Japan, Philippines"
Encerrados,Argentina
Enemigo íntimo,Mexico
Eurovision Song Contest,"United States, Iceland, Canada"
Fatal Destiny,Spain
Fit for Fashion,N/A
Food: Delicious Science,United Kingdom
Glowing Embers,"Belgium, Peru"
How to Live Mortgage Free with Sarah Beeny,United Kingdom
Kikoriki,Russia
Kingdoms of the Sky,United States
Kiss The Series,Thailand
Krishna Balram,N/A
La Femme,Canada
Lego Friends,N/A
Leo & Tig,India
Man vs Wild with Sunny Leone,N/A
Mere Papa Hero Hiralal,India
Money for Nothing,United States
My Life My Story,India
Nuestra Lucha Libre,Mexico
Power Battle Watch Car,South Korea
Power Rangers Super Megaforce,USA
Power Rangers Super Samurai,USA
Queens of Comedy,Germany
Queens vs. Kings,India
Rab Se Sohna Isshq,India
Revenge,United States
Satrangi,Pakistan
Strongland,N/A
The Bachelor,United States
The Beat,United States
The Homecoming,"United Kingdom, United States"
The Irish Mob,Ireland
The Liar,South Korea
The Underwear,Thailand
Timeline,United States
Towies,Australia
ViR: The Robot Boy,India
Wake Up,United States
Yoko,"Germany, Austria, Sweden"
YOM,Egypt
Zombie Dumb,South Korea
